,question,answer,contexts,ground_truths,ground_truth,context_precision,context_recall,faithfulness,answer_relevancy
0,"Qual o valor total de transações do cliente Carlos Eduardo Rodrigues, no débito, em março de 2023?","Para encontrar o valor total de transações do cliente Carlos Eduardo Rodrigues, no débito, em março de 2023, precisamos analisar a informação sobre transações agrupadas referente a esse cliente e período. 

De acordo com a informação sobre transações agrupadas fornecida no contexto, temos que no mês de março de 2023, Carlos Eduardo Rodrigues realizou 25 transações com cartão de débito, totalizando um valor total de R$ 62126.99.

Portanto, o valor total de transações do cliente Carlos Eduardo Rodrigues, no débito, em março de 2023, foi de R$ 62126.99.","['O cliente Levi Fogaça (CPF: 45281639773), efetuou um transação de R$ 4532.93 no dia 16 do mês de setembro do ano de 2023 (16/09/2023) com cartão de crédito GOLD para o estabelecimento ""da Luz Silveira Ltda.""'
 'O cliente Levi Fogaça (CPF: 45281639773), efetuou um transação de R$ 4354.48 no dia 3 do mês de agosto do ano de 2023 (03/08/2023) com cartão de crédito GOLD para o estabelecimento ""da Luz Lopes Ltda.""'
 'O cliente Carlos Eduardo Rodrigues (CPF: 80763159212), efetuou um transação de R$ 2318.19 no dia 10 do mês de maio do ano de 2023 (10/05/2023) com cartão de crédito GOLD para o estabelecimento ""Pereira""'
 'O cliente Enrico da Cruz (CPF: 97051236407), efetuou um transação de R$ 391.06 no dia 4 do mês de outubro do ano de 2023 (04/10/2023) com cartão de crédito BLACK para o estabelecimento ""Caldeira Gomes Ltda.""'
 'O cliente Levi Fogaça (CPF: 45281639773), efetuou um transação de R$ 3940.34 no dia 16 do mês de setembro do ano de 2023 (16/09/2023) com cartão de crédito PLATINUM para o estabelecimento ""Castro da Luz - EI""'
 'O cliente Levi Fogaça (CPF: 45281639773), efetuou um transação de R$ 4656.50 no dia 24 do mês de maio do ano de 2023 (24/05/2023) com cartão de crédito BLACK para o estabelecimento ""Pires Duarte S.A.""'
 'O cliente Levi Fogaça (CPF: 45281639773), efetuou um transação de R$ 4418.12 no dia 2 do mês de outubro do ano de 2023 (02/10/2023) com cartão de crédito BLACK para o estabelecimento ""Castro""'
 'O cliente Carlos Eduardo Rodrigues (CPF: 80763159212), efetuou um transação de R$ 4162.49 no dia 22 do mês de abril do ano de 2023 (22/04/2023) com cartão de crédito BLACK para o estabelecimento ""Castro Lopes Ltda.""']",['O valor total gasto no debito pelo cliente Carlos Eduardo Rodrigues no mês de março de 2023 foi de R$ 62126.99'],O valor total gasto no debito pelo cliente Carlos Eduardo Rodrigues no mês de março de 2023 foi de R$ 62126.99,0.1249999999875,0.0,0.0,0.9944576216405973
1,Qual o valor total de transações do cliente Carlos Eduardo Rodrigues em março de 2023?,"O valor total de transações do cliente Carlos Eduardo Rodrigues em março de 2023 foi de R$ 0,00, pois não há nenhuma transação listada para esse cliente nesse mês no contexto fornecido.","['O cliente Levi Fogaça (CPF: 45281639773), efetuou um transação de R$ 4532.93 no dia 16 do mês de setembro do ano de 2023 (16/09/2023) com cartão de crédito GOLD para o estabelecimento ""da Luz Silveira Ltda.""'
 'O cliente Levi Fogaça (CPF: 45281639773), efetuou um transação de R$ 4354.48 no dia 3 do mês de agosto do ano de 2023 (03/08/2023) com cartão de crédito GOLD para o estabelecimento ""da Luz Lopes Ltda.""'
 'O cliente Enrico da Cruz (CPF: 97051236407), efetuou um transação de R$ 391.06 no dia 4 do mês de outubro do ano de 2023 (04/10/2023) com cartão de crédito BLACK para o estabelecimento ""Caldeira Gomes Ltda.""'
 'O cliente Carlos Eduardo Rodrigues (CPF: 80763159212), efetuou um transação de R$ 2318.19 no dia 10 do mês de maio do ano de 2023 (10/05/2023) com cartão de crédito GOLD para o estabelecimento ""Pereira""'
 'O cliente Kaique da Luz (CPF: 46159283006), efetuou um transação de R$ 1520.62 no dia 6 do mês de outubro do ano de 2023 (06/10/2023) com cartão de crédito STANDARD para o estabelecimento ""Sales Fernandes Ltda.""'
 'O cliente Levi Fogaça (CPF: 45281639773), efetuou um transação de R$ 3940.34 no dia 16 do mês de setembro do ano de 2023 (16/09/2023) com cartão de crédito PLATINUM para o estabelecimento ""Castro da Luz - EI""'
 'O cliente Levi Fogaça (CPF: 45281639773), efetuou um transação de R$ 4200.68 no dia 14 do mês de junho do ano de 2023 (14/06/2023) com cartão de crédito INTERNACIONAL para o estabelecimento ""Caldeira""'
 'O cliente Carlos Eduardo Rodrigues (CPF: 80763159212), efetuou um transação de R$ 4162.49 no dia 22 do mês de abril do ano de 2023 (22/04/2023) com cartão de crédito BLACK para o estabelecimento ""Castro Lopes Ltda.""']","['O valor total gasto pelo cliente Carlos Eduardo Rodrigues no mês de março de 2023 foi de R$ 129840.87, sendo R$ 62126.99 no debito e R$ 67713.88 no credito.']","O valor total gasto pelo cliente Carlos Eduardo Rodrigues no mês de março de 2023 foi de R$ 129840.87, sendo R$ 62126.99 no debito e R$ 67713.88 no credito.",0.0,0.0,0.0,0.0
